delete from Tags;
insert into "Tags" ("Id", "Name")
values ('3b781828-f329-4785-aecd-08d9b9f3d27c', '18+'),
       ('b4e44ca7-7b96-4d12-aed3-08d9b9f3d27c', N'жесть'),
       ('5fb99899-1833-4e9e-aed7-08d9b9f3d27c', N'кринж'),
       ('279e470a-11dc-46e2-aeda-08d9b9f3d27c', N'трэш'),
       ('9bba1883-a1fc-448a-aedb-08d9b9f3d27c', N'хрень'),
       ('be8d9187-95c6-4cb9-aece-08d9b9f3d27c', N'не читать'),
       ('81637220-a847-4c81-aed5-08d9b9f3d27c', N'от балды'),
       ('5cb61466-df81-4a75-aed6-08d9b9f3d27c', N'тяжело'),
       ('4186b674-c6df-49e4-aed8-08d9b9f3d27c', N'уже'),
       ('bda8f692-2883-42ef-aed9-08d9b9f3d27c', N'какой'),
       ('8f9b6c11-cfd8-4810-aed4-08d9b9f3d27c', N'тэг'),
       ('c7fa2d2b-a387-44bb-aedf-08d9b9f3d27c', N'пишу'),
       ('511f9231-fa93-47cf-aede-08d9b9f3d27c', N'я'),
       ('f676d64d-b6c7-4a74-aed2-08d9b9f3d27c', N'задолбался'),
       ('de11123e-3908-47eb-aed1-08d9b9f3d27c', N'здравствуй'),
       ('c2125424-47d4-4a19-aed0-08d9b9f3d27c', N'небо'),
       ('cb961ace-1005-4077-aee4-08d9b9f3d27c', N'в');
delete UserEntity;
insert into UserEntity ("Id","FullName","BirthDate", "Email", "Password","Created","Gender","PhoneNumber")      
values('05d8b266-8e63-11ed-a1eb-0242ac120002',N'Вячеслав','2023-01-07T08:37:56.655Z','o@gmail.com','1234567890','2023-01-07T08:37:56.655Z','1','7(876)722-48-65'),
('05d8b4f0-8e63-11ed-a1eb-0242ac120002',N'Валерия','2023-01-07T08:37:56.655Z','q@gmail.com','1234567890','2023-01-07T08:37:56.655Z','0','7(876)622-68-65'),
('05d8b626-8e63-11ed-a1eb-0242ac120002',N'Андрей', '2023-01-07T08:37:56.655Z','w@gmail.com','1234567890','2023-01-07T08:37:56.655Z','1','7(876)622-28-65'),
('05d8b8ec-8e63-11ed-a1eb-0242ac120002',N'Амина','2023-01-07T08:37:56.655Z','e@gmail.com','1234567890','2023-01-07T08:37:56.655Z','0','7(876)622-78-65'),
('05d8ba90-8e63-11ed-a1eb-0242ac120002',N'Артемий','2023-01-07T08:37:56.655Z','r@gmail.com','1234567890','2023-01-07T08:37:56.655Z','1','7(876)622-98-65'),
('05d8bbda-8e63-11ed-a1eb-0242ac120002',N'Герман','2023-01-07T08:37:56.655Z','t@gmail.com','1234567890','2023-01-07T08:37:56.655Z','1','7(876)622-40-65'),
('05d8bcfc-8e63-11ed-a1eb-0242ac120002',N'Диана','2023-01-07T08:37:56.655Z','y@gmail.com','1234567890','2023-01-07T08:37:56.655Z','0','7(876)632-48-65');

delete "Post";
insert into "Post" ("Id","Title","Description", "readingTime", "Image","AuthorId","Author","Likes","HasLike","Created","CommentCount","UserEntityId")      
values('05d8b266-8e63-11ed-a1eb-0242ac120002',N'Борщ',N'тмоатмомвмыв','1',NULL,'05d8b266-8e63-11ed-a1eb-0242ac120002',N'Кто-то7','5','false','2023-01-06T08:37:56.655Z','0','05d8b266-8e63-11ed-a1eb-0242ac120002'),
('05d8b4f0-8e63-11ed-a1eb-0242ac120002',N'Кино',N'вмывмывивпивма','2',NULL,'05d8b266-8e63-11ed-a1eb-0242ac120002',N'Кто-то','10','true','2023-01-05T08:37:56.655Z','0','05d8b266-8e63-11ed-a1eb-0242ac120002'),
('05d8b626-8e63-11ed-a1eb-0242ac120002',N'Пиво', N'киецкикипвикцпи','3',NULL,'05d8b4f0-8e63-11ed-a1eb-0242ac120002',N'Кто-то5','23','false','2023-01-04T08:37:56.655Z','0','05d8b4f0-8e63-11ed-a1eb-0242ac120002'),
('05d8b8ec-8e63-11ed-a1eb-0242ac120002',N'Смех',N'цкимпицицп','3',NULL,'05d8b626-8e63-11ed-a1eb-0242ac120002',N'Кто-то4','6','false','2023-01-03T08:37:56.655Z','0','05d8b626-8e63-11ed-a1eb-0242ac120002'),
('05d8ba90-8e63-11ed-a1eb-0242ac120002',N'Кек',N'ыикрипыиыиыпи','4',NULL,'05d8b626-8e63-11ed-a1eb-0242ac120002',N'Кто-то3','1','true','2023-01-02T08:37:56.655Z','0','05d8b626-8e63-11ed-a1eb-0242ac120002'),
('05d8bbda-8e63-11ed-a1eb-0242ac120002',N'Лол',N'ыивпыиыпаирпыаим','5',NULL,'05d8bbda-8e63-11ed-a1eb-0242ac120002',N'Кто-то2','8','false','2023-01-01T08:37:56.655Z','0','05d8bbda-8e63-11ed-a1eb-0242ac120002'),
('05d8bcfc-8e63-11ed-a1eb-0242ac120002',N'Чебурек',N'иыиыпиыиви','6',NULL,'05d8bbda-8e63-11ed-a1eb-0242ac120002',N'Кто-то1','3','true','2023-01-10T08:37:56.655Z','0','05d8bbda-8e63-11ed-a1eb-0242ac120002');

delete "PostEntityTagEntity";
insert into "PostEntityTagEntity" ("PostsId", "TagsId")
values('05d8b266-8e63-11ed-a1eb-0242ac120002', '3b781828-f329-4785-aecd-08d9b9f3d27c'),
('05d8b266-8e63-11ed-a1eb-0242ac120002', 'b4e44ca7-7b96-4d12-aed3-08d9b9f3d27c'),
('05d8b266-8e63-11ed-a1eb-0242ac120002', '5fb99899-1833-4e9e-aed7-08d9b9f3d27c'),
('05d8b266-8e63-11ed-a1eb-0242ac120002', '279e470a-11dc-46e2-aeda-08d9b9f3d27c'),
('05d8ba90-8e63-11ed-a1eb-0242ac120002', '3b781828-f329-4785-aecd-08d9b9f3d27c'),
('05d8bbda-8e63-11ed-a1eb-0242ac120002', '3b781828-f329-4785-aecd-08d9b9f3d27c'),
('05d8bcfc-8e63-11ed-a1eb-0242ac120002', '3b781828-f329-4785-aecd-08d9b9f3d27c'),
('05d8b266-8e63-11ed-a1eb-0242ac120002','cb961ace-1005-4077-aee4-08d9b9f3d27c'),
('05d8b4f0-8e63-11ed-a1eb-0242ac120002','cb961ace-1005-4077-aee4-08d9b9f3d27c'),
('05d8b626-8e63-11ed-a1eb-0242ac120002','cb961ace-1005-4077-aee4-08d9b9f3d27c'),
('05d8b8ec-8e63-11ed-a1eb-0242ac120002','cb961ace-1005-4077-aee4-08d9b9f3d27c'),
('05d8ba90-8e63-11ed-a1eb-0242ac120002','cb961ace-1005-4077-aee4-08d9b9f3d27c'),
('05d8bbda-8e63-11ed-a1eb-0242ac120002','cb961ace-1005-4077-aee4-08d9b9f3d27c'),
('05d8bcfc-8e63-11ed-a1eb-0242ac120002','cb961ace-1005-4077-aee4-08d9b9f3d27c');

delete "Comments";
insert into "Comments" ("Id", "content", "modifiedDate","deleteDate","authorId", "author", "subComments","PostId")
values('33a746c8-9235-11ed-a1eb-0242ac120002',N'Крутяг',Null,Null,'05d8b266-8e63-11ed-a1eb-0242ac120002',N'Вячеслав','0','05d8b266-8e63-11ed-a1eb-0242ac120002'),
('33a74948-9235-11ed-a1eb-0242ac120002',N'Кул',Null,Null,'05d8b266-8e63-11ed-a1eb-0242ac120002',N'Вячеслав','0','05d8b266-8e63-11ed-a1eb-0242ac120002'),
('33a74a60-9235-11ed-a1eb-0242ac120002',N'Кринж',Null,Null,'05d8b266-8e63-11ed-a1eb-0242ac120002',N'Вячеслав','0','05d8b8ec-8e63-11ed-a1eb-0242ac120002'),
('33a74e8e-9235-11ed-a1eb-0242ac120002',N'База',Null,Null,'05d8b266-8e63-11ed-a1eb-0242ac120002',N'Вячеслав','0','05d8bcfc-8e63-11ed-a1eb-0242ac120002');


       
