delete from Tags;
delete "PostEntityTagEntity";
delete "Post";
delete UserEntity;
delete "Comments";
insert into "Tags" ("Id", "Name", "CreatedDate")
values ('3b781828-f329-4785-aecd-08d9b9f3d27c', '18+','1994-12-08T04:17:36.655Z'),
       ('b4e44ca7-7b96-4d12-aed3-08d9b9f3d27c', N'история','1977-05-13T19:54:10.655Z'),
       ('5fb99899-1833-4e9e-aed7-08d9b9f3d27c', N'еда','2016-12-11T08:29:33.655Z'),
       ('279e470a-11dc-46e2-aeda-08d9b9f3d27c', N'приколы','1979-08-30T16:41:19.655Z'),
       ('9bba1883-a1fc-448a-aedb-08d9b9f3d27c', N'it','2019-02-02T01:33:05.655Z'),
       ('be8d9187-95c6-4cb9-aece-08d9b9f3d27c', N'интернет','2007-07-07T21:43:39.655Z'),
       ('81637220-a847-4c81-aed5-08d9b9f3d27c', N'теория_заговора','2017-10-12T11:24:19.655Z'),
       ('5cb61466-df81-4a75-aed6-08d9b9f3d27c', N'соцсети','2012-06-09T14:48:09.655Z'),
       ('4186b674-c6df-49e4-aed8-08d9b9f3d27c', N'косплей','2006-03-11T15:44:07.655Z'),
       ('bda8f692-2883-42ef-aed9-08d9b9f3d27c', N'преступление','1986-10-28T00:07:51.655Z'),
       ('8f9b6c11-cfd8-4810-aed4-08d9b9f3d27c', N'убить_время','1974-11-04T18:10:47.655Z'),
       ('c7fa2d2b-a387-44bb-aedf-08d9b9f3d27c', N'ASP.нет','1983-07-13T19:28:08.655Z'),
       ('511f9231-fa93-47cf-aede-08d9b9f3d27c', N'тег_для_тега','1981-01-07T07:50:33.655Z'),
       ('f676d64d-b6c7-4a74-aed2-08d9b9f3d27c', N'трата_времени','2011-07-08T12:39:27.655Z'),
       ('de11123e-3908-47eb-aed1-08d9b9f3d27c', N'зачем_ты_читаешь_это','2019-11-19T02:59:40.655Z'),
       ('c2125424-47d4-4a19-aed0-08d9b9f3d27c', N'читы','2000-09-20T04:31:39.655Z'),
       ('cb961ace-1005-4077-aee4-08d9b9f3d27c', N'юмор','1991-02-09T11:18:10.655Z');

insert into UserEntity ("Id","FullName","BirthDate", "Email", "Password","Created","Gender","PhoneNumber","Likes", "CreatedPosts")      
values('05d8b266-8e63-11ed-a1eb-0242ac120002',N'Вячеслав','2023-01-07T08:37:56.655Z','o@gmail.com','1234567890','2023-01-07T08:37:56.655Z','1','7(876)722-48-65',38,3),
('05d8b4f0-8e63-11ed-a1eb-0242ac120002',N'Валерия','2023-01-07T08:37:56.655Z','q@gmail.com','1234567890','2023-01-07T08:37:56.655Z','0','7(876)622-68-65',7,2),
('05d8b626-8e63-11ed-a1eb-0242ac120002',N'Андрей', '2023-01-07T08:37:56.655Z','w@gmail.com','1234567890','2023-01-07T08:37:56.655Z','1','7(876)622-28-65',8,1),
('05d8b8ec-8e63-11ed-a1eb-0242ac120002',N'Амина','2023-01-07T08:37:56.655Z','e@gmail.com','1234567890','2023-01-07T08:37:56.655Z','0','7(876)622-78-65',3,1),
('05d8ba90-8e63-11ed-a1eb-0242ac120002',N'Артемий','2023-01-07T08:37:56.655Z','r@gmail.com','1234567890','2023-01-07T08:37:56.655Z','1','7(876)622-98-65',3,18),
('05d8bbda-8e63-11ed-a1eb-0242ac120002',N'Герман','2023-01-07T08:37:56.655Z','t@gmail.com','1234567890','2023-01-07T08:37:56.655Z','1','7(876)622-40-65',0,0),
('05d8bcfc-8e63-11ed-a1eb-0242ac120002',N'Диана','2023-01-07T08:37:56.655Z','y@gmail.com','1234567890','2023-01-07T08:37:56.655Z','0','7(876)632-48-65',0,0);


insert into "Post" ("Id","Title","Description", "readingTime", "Image","AuthorId","Author","Likes","HasLike","Created","CommentCount")      
values('0566c6f9-bbac-4663-b5c8-ed08bea1b2f8',N'Как создать секту',N'Секта – это просто! Создать секту может практически любой человек. Для этого совершенно не нужно быть гением или иметь соответствующее высшее образование. Технология создания секты проста. Настолько проста, что её используют практически везде, как в бизнесе, так и в политике. Чего только стоит Помаранчева Революция ! Жаль только, что не смогли все довести до логического финала. Сегодня вы узнаете про основные шаги создания секты. Как вы увидите далее, ничего сверхъестественного в этом нет. Придерживаясь данного сценария, вы без труда сможете создать слепо поклоняющихся вам людей. Все что от вас потребуется – это непоколебимая вера в себя и готовность кардинально изменить свою жизнь (положение пророка обязывает).\r\n\r\nШаг 1. Создание мифа. Для того чтобы люди верили в вас, необходимо придумать миф о вашем личном чуде. Например, о том, как в дождливую ночь в вас попала молния и вы умерли. Ваша душа вознеслась на небеса и там к вам лично обратился Бог. Во время длительной беседы он дал вам множество откровений и бытие (позже вы можете регулярно их выдавать в качестве сверхважной информации или указаний). После этой беседы вам было поручено вернуться на грешную землю, пойти в народ и направлять всех неверных на правильную стезю. Или: \"Я 20 лет искал ответы на свои вопросы, я молился, я обращался к Господу… 10 лет я провел в отшельничестве. Я жил в землянке в лесу, вдали от людей и цивилизации… И вот, через 20 лет моих молитв, Господь открыл мне тайные знания…\" Дальше история повторяется… Чем драматичнее миф – тем это будет лучше для Вас. Не бойтесь врать – обязательно найдутся те, кто слепо поверит в ваше предназначение. Такие люди и составят ваш костяк на первое время.\r\n\r\nШаг 2. Создание своей религии. Если в ваши планы входит собрать много людей, то вам нужна СВОЯ отдельная религия. Придумать её не сложно. Можно почерпнуть знания из любой книжки по религиоведению. Сильно мудрить не стоит. Постулаты вашей веры должны быть в меру туманными и понятными любым работягой. Вторым этапом вашей работы будет создание мистического ритуала. Хороший ритуал выдержан стилистически – он яркий, показательный и достаточно эмоциональный. Желательно в конце ритуала использовать слезы прозрения и освобождения от греха . Для этого хорошо подойдет особая секретная молитва минут на 30-40, во время которой люди сами себя стегают плетью, тем самым выгоняя злой дух из своего тела. Здесь фантазия будет вам полезна. Не жалейте драматизма! В любой момент вы можете добавить какой-нибудь новый элемент для продвинутых.\r\n\r\nШаг 3. Создавайте адептов вашей веры. Для продвижения вашей веры вам необходимы адепты. Их можно найти среди старушек или алкоголиков – они более восприимчивы к таким вещам. Впоследствии они будут взахлеб рассказывать, как они исцелились благодаря вашей вере. Для хорошего начала вам нужно от 10 до 30 человек. Когда людей еще не много, можно собираться в квартире. По мере роста паствы , помещение будете менять на большее. В настоящее время довольно сложно найти большой зал на субботу и воскресение – все залы заняты собраниями (секты или МЛМ). После 2-3-х собраний в вашей секте проявится 5-7 человек, которые будут особо рьяно верить в ваши проповеди. Найдите способ использовать их энтузиазм и чудесное вдохновение. Сделайте из этих людей вашу свиту ( Свита делает короля ). Не стесняйтесь им что-то пообещать, например, дать личный пропуск в рай или сделать главными наместниками на завоеванных вами территориях. Придумайте иерархию и раздавайте своим людям громкие титулы Великий Вашевернянский Апостол или Патриарх Вашевернянских Земель. Одним из важных моментов является наличие у вашей веры особой терминологии, своего сленга и специфических терминов. Этот момент вы можете проследить в новых психологических веяниях: Транссерфинг – это маятники и ежи с ними, Стервология – это уже отдельное движение со своими уникальными терминами.\r\n\r\nШаг 4. Проводим собрания. Собрания – это самый важный элемент для вашего бизнеса . Собрание должно впечатлять и эмоционально шокировать всех присутствующих. Здесь нет ничего сложного. Основные моменты: - Красочно и помпезно. Свет, звук, сцена. - Обязательное наличие своей музыки и гимна. Желательно хор и всеобщее пение. - Постарайтесь создать атмосферу бесконечного потока любви. В этом вам помогут ваши адепты и постоянные участники. - Ритуал молитвы. Побольше слез и очищающих страданий. - Эмоциональные рассказы о просветлениях и красочных чудесах, которые случаются с вашими прихожанами. Это вдохновит всех присутствующих. - Демонстрация чуда или ритуал исцеления страждущих. Если не получается исцелить, списывайте все на недостаток веры у самого пациента. Для наглядности посмотрите фильм Сила Веры.\r\n\r\nШаг 5. Собираем деньги. И вот наступает тот самый момент, ради которого вы и затеяли весь этот спектакль. Чтобы собрать большое количество денег необходимо придумать весомый аргумент. Желательно что-то ценностное и важное для человека. Тут хорошо подойдет на строительство храма , на помощь обездоленным детям, старикам и страждущим или просто десятина. Чем сильнее причина – тем более охотно люди будут давать вам свои кровные. Для увеличения суммы подаяний можно собирать деньги 2 раза – до начала собрания и после него. Следует помнить, что ваши прямые адепты регулярно должны вносить членские взносы по повышенным ставкам.\r\n\r\nШаг 6. Усильте свою харизму. Успех всего мероприятия напрямую зависит от вас самих. Сила вашей убежденности и вера в исключительность будет буквально заражать всех ваших прихожан. Здесь вам нужно будет постараться и самому поверить в то, что вы говорите и делаете. Вам, как человеку просветленному, необходимо делать нестандартные поступки. Например, можно задуматься на 10 минут закрыв глаза и не реагировать на внешние раздражители (вы общаетесь с папой). Или встать на колени и поцеловать руки старушке – это особенно хорошо работает на начальном этапе, и потом они сами будут целовать ваши руки. Не бойтесь делать шокирующие поступки. Но! Важно не перегнуть палку, а то закончите проповедь в психушке. Дома, когда рядом никого не будет, подойдите к зеркалу и посмотрите себе в глаза. Изобразите на своем лице выражение умиротворенности и любви. Выразите глазами любовь (без эротики). Произнесите вслух: \"Я люблю тебя, брат мой!\" Добейтесь от себя максимальной сердечности. Как только начнет получаться, используйте эти слова и выражение лица на своих прихожанах. Вселяйте в них убеждения о вашей исключительности и божественной силе. И все! Вот и все что нужно для успешного создания секты. Помните, что для успеха мероприятия необходимо только ваше сильное желание, артистические способности и фантазия. Если будет нужна помощь – обращайтесь ))) Удачи Вам, Пастор!','1',NULL,'05d8b266-8e63-11ed-a1eb-0242ac120002',N'Вячеслав','5','false','2023-01-06T08:37:56.655Z','5'),
('d5589cff-c94f-4034-ade4-55343f94397e',N'История из офиса',N'ПАЦАНЫ, Я СЕГОДНЯ ШЁЛ КОРОЧЕ ПО ОФИСУ И УВИДЕЛ ЗАПУЩЕННУЮ СПЕРМЕРКУ А РЯДОМ КЛОУНА В МАЙКЕ \"ENTERPRISE PROGRAMMER\", НУ Я ПОДСКОЧИЛ И РЕЗКО ДЕИНСТАЛЬНУЛ НА МАШИНЕ NЕТ ФРЕЙМВОРК: И ПОЯСНИЛ ЕГО КРИКОМ \"НЕ ЛЮБЛЮ УПРАВЛЯЕМЫЙ КОД\", ПОТОМУ ЧТО Я УГОРЕЛ ПО ДИСТРИБУЦИИ РЕГИСТРОВ, ПАЦАНЫ ДУХ СТАРОЙ ШКОЛЫ ЖИВЁТ ТОЛЬКО В СТАТИЧЕСКИ ЛИНКУЕМЫХ ЛИБАХ, ГДЕ ИНКРЕМЕНТИРУЮТ УКАЗАТЕЛИ, ГДЕ КОДЕРЫ ЖИВУТ KERNEL.DLL, USER32.DLL И ГОНЯЮТ АНСЕЙВ КОД! ТОЛЬКО ПУР CИ, ТОЛЬКО ФАСМ!!! ЮНИТИ УЛЬТРАХОРДКОР mov edx, dword [esp+4*eax+8]!!! Пацаны, компиляйте в нейтив, дебажте идой, прописывайте относительные смещения, сбрасывайте регистры флагов, цените свободу! ПИШИТЕ БЛОКНОТОМ СМЕЛО И ПРЯМО В БИНАРНИК! 0xDEADBEEF!','2',NULL,'05d8b266-8e63-11ed-a1eb-0242ac120002',N'Вячеслав','10','false','2023-01-05T08:37:56.655Z','1'),
('e56de31a-69c6-4c13-a216-1b66cc12ed99',N'Зачем вы вообще, сюда залезли?', N'Пока вы, будите лезть в этого говно, оно никогда не сдохнет. Я понимаю еще, человек написал: \\\"Посоны, я угорел по гей(м)деву, потому решил выучить плюсы, чтобы написанные мною игры летали! Посоветуйте годноту\\\". А то пришел, ему видите ли \\\"Нужно понятие о классах и работой с памятью\\\" Может выясниться, что тебе ни классы ни память не нужны. Неужели, так сложно прикинуть, зачем ты вообше лезешь в отрасль. \\\"рассчитано на грамотных людей\\\" - уходи. Сколько вас таких тут было: \\\"Хочу сдать программистом! Какой язык выбрать для начала?\\\", \\\"Хочу выучить язык %langname%. Посоветуйте литературы\\\". Кто-то подрывается и отвечает вам, может даже по хардкору палит годноту. А вы, все те самые, которые поматросят и бросят. Дальше хелло-ворда дело не идет, не говоря уж о работе с памятью Неужели вы и вправду думаете, что программирование/кодинг/хакирство стильно-модно-молодежно и, того глядишь, на практике пригодится? Напряги свое серое вещество и подумай, зачем тебе это. Просто оно тебе не надо, иначе бы ты не создавал здесь очередной плохо тред, а загуглил бы давно нашел статьи на хабре/рсдн/100_других_ресурсов. Люди составили тысячи подборок с описаниями, рецензиями - выбирай и читай. Но нет, вместо этого очередной чел приходит в кодач и устраивает симуляцию деятельности. Зачем, скажи, подбирать тебе книгу, если ты ее даже не прочтешь? Пошли вы, я домой!\",','3',NULL,'05d8b266-8e63-11ed-a1eb-0242ac120002',N'Вячеслав','23','false','2023-01-04T08:37:56.655Z','1'),
('2e67d16c-2f4a-4f89-96fe-cf897ef33adc',N'ПРЕВЕД МЕДВЕД',N'ЙА КРЕВЕДКО','3',NULL,'05d8b4f0-8e63-11ed-a1eb-0242ac120002',N'Валерия','6','false','2023-01-03T08:37:56.655Z','0'),
('4b38fa7a-b8d6-45a0-8269-ab5c73c4a898',N'В наши дни не имеет никакого смысла писать длинный пост',N'В наши дни не имеет никакого смысла писать длинный текст...\r\n\r\nПоверьте, половина заметивших первое предложение уже даже не читает второе.\r\n\r\nЭту фразу не читает еще две трети оставшихся.\r\n\r\nА только что еще несколько человек начало листать новостную ленту дальше, поскольку там шутки, картинки и песни. Вполне вероятно, что они перед этим отписались от нашей с вами скучной страницы, так происходит после каждого несмешного поста. Пока, ребята!\r\n\r\nСмотрите-ка, а вот эту фразу видят примерно процентов 5 из всех, кто начал читать этот пост. Хотя и начали его читать тоже немногие, знаете почему? Потому что к нему не прикреплена картинка. С ней он бы привлек гораздо больше внимания, так все устроено.\r\n\r\nВы начинаете думать, что я хочу сказать вам что-то важное, раз так лихо отсеял всех неудачников? Кто знает, вполне возможно. Вполне возможно, что уже говорю. Вполне возможно, что вы и сами об этом знаете или хотя бы догадываетесь.\r\n\r\nМысли многих людей сведены к минимуму: 140 символов - крайний разумный предел. Слишком много информации. По крайней мере, именно так себя оправдывают те, кто перестал читать книги и хоть сколько-нибудь большие тексты. Еще они говорят, что главное - это лаконичность, не понимая, что даже в самой емкой фразе нельзя раскрыть сути доброй половины окружающих вещей. Для этого необходима цепочка мыслей.\r\n\r\nТы все еще читаешь? Так остановись на секунду, подумай, что происходит вокруг тебя. Это потрясающе и страшно, обыденно и дико, фатально и забавно одновременно. Романы антиутопистов становятся реальностью, зловеще шуршат страницы книг Хаксли и Оруэлла, кто-то хитрый и большой делает человечество гладким, как шелк, и бестолковым, словно кружок интеллектуалов детского сада. Сонеты сводятся к сэмплам, рисование маслом — к фотографии на телефон, книги — к цитатам. Так повелось, что глупыми людьми проще управлять, но они не знают об этом, потому что об этом не скажешь смешно.\r\n\r\nА ты все еще читаешь. Хорошо. Просто чудесно, я даже не ожидал, что ты дойдешь до этого абзаца с моим-то ужасным и занудным авторским стилем.\r\n\r\nМногие люди ругают власть за то, что у них мало богатств. За то, что в других странах уровень жизни выше. И это справедливый упрек. Но не будь у тебя денег на этот компьютер или мобильный, возможно, ты бы сейчас охотился на мангуста, понимаешь, о чем я говорю?\r\n\r\nВозможно, ты бы косил пшеницу и пек хлеб, ломал бы его загорелыми руками, а не ел те прорезиненные батоны, что продают в ближайшем магазине. В тот магазин, что на другой улице, ты уже не можешь заставить себя дойти, и это понятно: ты ведь продал все свое время.\r\n\r\nС другой стороны, при другом раскладе ты вполне мог спать со ржавой цепью на шее и стирать руки в кровь в каменоломне, а не о клавиши ноутбука. Ты ведь рассматриваешь любую ситуацию со всех сторон?\r\n\r\nЧеловечество идет к упрощению мышления. Еще немного, и из словарей, как в \"1984\", начнут пропадать слова. Никто не будет знать, что такое эти \"свобода\", \"совесть\", \"право\". Любое слово исчезнет из всех словарей, как только его забудет последний из нас.\r\n\r\nЧитайте.','4',NULL,'05d8b4f0-8e63-11ed-a1eb-0242ac120002',N'Валерия','1','false','2023-01-02T08:37:56.655Z','0'),
('45307d08-aaa7-417b-9e01-ffcec51c931f',N'Батин рецепт супа',N'Мой батя производит вообще адовые блюда.\r\nНу такой вот примерно рецепт усредненный, потому что вариаций масса.\r\nБерется суп, он не греется, греть - это не про моего батю. Он берет это суп, вываливает его на сковороду и начинает жарить. Добавляет в него огромное количество лука, чеснока, перца черного и красного МУКИ! для вязкости, томатная паста сверху. Все это жарится до дыма. Потом снимается с огня и остужается на балконе. Потом батя заносит и щедро полив майонезом начинает есть. При этом ест со сковороды шкрябая по ней ложкой. Ест и приговаривает полушепотом вкуснотища-то какая. При этом у него на лбу аж пот выступает. Любезно мне иногда предлагает, но я отказываюсь. Надо ли говорить о том какой дичайшее газообразование потом? Вонища такая, что обои от стен отклеиваются.','5',NULL,'05d8b626-8e63-11ed-a1eb-0242ac120002',N'Андрей','8','false','2023-01-01T08:37:56.655Z','0'),
('954a3029-9c7e-46d7-81a1-db1d65f0f0ee',N'Всемирный заговор в русской дореволюционной литературе',N'В 1911 году выходит роман Веры Крыжановской «Смерть планеты». Одна из первых женщин-фантастов в мире, Крыжановская часто обращалась в своих произведениях к теме мирового еврейского заговора, призванного погубить христианскую цивилизацию. В «Смерти планеты» планы мирового сговора евреев-сатанистов заходят настолько далеко, что судьба планеты буквально решается в битве между добрым гималайским магом Супрамати с евреем-сатанистом Шеломом Иезодотом.\r\n\r\nВ 1909 году газета «Земщина» публикует роман «Человек-рыба». Главный злодей (его зовут Еврей) возглавляет «Совет всемирного владычества евреев». При помощи хирурга он вживляет мальчику Гиктанеру жабры и учит его топить корабли. Мир спасает прекрасная Моизетта, которая влюбляется в Гиктанера и заставляет его отказаться от злых намерений. «Человек-рыба» явился переработанной версией романа «Человек, который мог жить в воде» Жана де ла Ира. В оригинале Еврея звали Фульбер и он возглавлял орден иезуитов. Каким источником пользовался при написании «Человека-амфибии» А. Беляев, остается гадать.','6',NULL,'05d8b8ec-8e63-11ed-a1eb-0242ac120002',N'Амина','3','false','2023-01-10T08:37:56.655Z','0'),
('b8694bb5-6197-4585-aaca-5a05fc3edffc',N'Первое литературное упоминание о мировом еврейском заговоре',N'В 1868 году немецкий почтовый работник Герман Гёдше под псевдонимом сэр Джон Ретклифф издает роман «Биарриц». В главе «Ночь на еврейском кладбище в Праге» Гёдше описывает ритуал, происходящий раз в сто лет: представители двенадцати колен израилевых собираются у гробницы раввина Симеона Бен-Иегуды. Они делятся успехами (обсуждают, сколько золота сосредоточено в руках мирового еврейства, как контролируются трудящиеся и пресса); разрабатывают планы на будущее: дискредитация христианства, разжигание революций, проникновение во власть. Задумывая роман как авантюрно-приключенческий, Гёдше не мог и предположить, что уже в 1876 году указанный отрывок под названием «Речь раввина» будет широко распространен по России в виде отдельных брошюр. Материал подавался как стенография речи главного раввина, подслушанная английским дипломатом сэром Джоном Ретклиффом.','6',NULL,'05d8ba90-8e63-11ed-a1eb-0242ac120002',N'Артемий','5','false','2023-01-10T08:37:56.655Z','0'),
('c5e4334d-cf42-4e57-a5b6-d42a2c838e91',N'Кто управляет миром?',N'В 1999 году английский футболист, репортер, телекомментатор и член партии зеленых Дэвид Айк издал книгу «Величайший секрет: Книга, которая изменит мир», где описал систему устройства современного мира. По Айку, миром правят инопланетные ящеры-пришельцы из созвездия Драко, которые создали на Земле тайное общество «Вавилонское братство». Эти ящеры, утверждает Айк, являются прямоходящими и могут принимать человеческое обличье. Айк убедительно доказывает, что большинство мировых лидеров являются ящерами: оба Буша, Хилари Клинтон, Тони Блэр, все Ротшильды и Рокфеллеры, а также значительная часть исполнителей кантри.','6',NULL,'05d8ba90-8e63-11ed-a1eb-0242ac120002',N'Артемий','6','false','2023-01-10T08:37:56.655Z','0'),
('108bd8d8-1054-4b6f-9934-0bfc58fbe565',N'Возникновение термина «Теория заговора»',N'Термин «теория заговора» впервые появился в двадцатых годах XX века в экономической литературе, а современное значение приобрел к концу 1960-х годов. В «Оксфордский словарь английского языка» это словосочетание было включено только в 1997 году.','6',NULL,'05d8ba90-8e63-11ed-a1eb-0242ac120002',N'Артемий','7','false','2023-01-10T08:37:56.655Z','0'),
('0422e5bf-cb88-4f50-8d52-f3f26ed362dc',N'ТОП КОСПЛЕЕРОВ',N'CEO агентства Influencer-маркетинга «Hello blogger» Таня Иванова поделилась личным топом стримеров, чьи косплеи на трансляциях попадают в самое сердце:\r\n\r\nWELOVEGAMES. Денис умеет здорово погрузить в атмосферу своих стримов. Следы грязи на лице, кровоподтеки, военная форма, шляпы и лазерные мечи — прямо настоящее шоу. Приятно посмотреть даже тем зрителям, кто не особо любит игровые стримы. На самом деле, русскоязычных парней косплееров очень мало, а тех, кто это делает здорово — вообще единицы.\r\n\r\nGrishaputin. Юный геймер-косплеер, с мамой которого я недавно публиковала интервью. Гриша в своих стримах появляется в образах Гитлера, Сталина, Черчилля и других исторических героев, связанных с игрой HOI4. Причём мама с удовольствием ему помогает подбирать образы и участвует в его перфомансах. Мне кажется, это отличный пример того, как найти общий язык со своим ребёнком через его увлечения. Хотя в Facebook про этого парня мне накидали совсем другие мнения.\r\n\r\nAlinaRinRin. Алина долгое время прожила в Японии и влияние аниме просто не могло на ней не сказаться, поэтому косплей в таком стиле не редкость на её каналах. Но в целом, для своих стримов она создаёт абсолютно разные образы, от воинов в доспехах до чувственных леди. Иногда и не скажешь, что это один и тот же человек.\r\n\r\nDinablin. Дина — королева различных шоу-форматов на Twitch. И к своим проектам подходит качественно не только с точки зрения контента, но и в подборе своих образов. Например, для «Мафии со стримерами» Дина становится мафиози со шляпой, а для игровых стримов в ход уже идут парики и соответсвующий мейк. \r\n\r\nЕсли вам интересно узнать больше о стримерах и Twitch, блогерах, гейминге и киберспорте, то подписывайтесь на телеграм канал \"Иванова знает то, что клево\". В своём канале Таня рассказывает об интересных событиях, новостях и людях, делится опытом и собирает интересные кейсы и классные рекламные кампании.','6',NULL,'05d8b266-8e63-11ed-a1eb-0242ac120002',N'Вячеслав','0','false','2023-01-10T08:37:56.655Z','0'),
('82d6354d-d56a-4d63-b738-867c551c1139',N'БЫСТРОЕ ПРОДВИЖЕНИЕ САЙТА В ПОИСКОВИКАХ',N'Быстрое продвижение сайта в поисковиках\r\n\r\nКачественный сайт - это комплексное понятие, которое включает хорошую верстку, правильный код, а также грамотно выполненное продвижение интернет-ресурса в сети. SEO продвижение в Яндексе позволяет существенно улучшить посещаемость сайта, страничка хорошо видится в поисковиках, причём по целевым запросам, соответствующим тематике интернет-ресурса.\r\n\r\nПродвижение в поисковых системах - это комплексная работа, правильно выполнить которую могут лишь профессионалы. Существует множество способов продвижения в поисковиках. Лишь специалист сможет подобрать оптимальные инструменты для каждого сайта, гарантировав его быстрое выведение в топ по различным поисковым запросам.\r\n\r\nПри выполнении поисковой оптимизации проводится код-ревью, используются семантические теги, определяются ключевые слова, по которым осуществляется продвижение сайта. Также выполняется регистрация интернет-ресурса в различных каталогах и сервисах, закупается размещение статьей с ссылкой на продвигаемый ресурс. Такая комплексная работа позволит существенно улучшить видимость поисковиками интернет-сайта, что в свою очередь положительно сказывается на посещаемости, а, следственно, и прибыли от такой интернет-странички.\r\n\r\nЕсли вы не хотите потерять своё время и деньги зря, то seo-продвижение следует доверить лишь профессионалам. Только в этом случае можно будет гарантировать максимально быстрый видимый эффект, а буквально через несколько недель уже будет отмечаться рост числа посетителей, причём всех их будет интересовать тематика продвигаемого ресурса. Профессионалы смогут выполнить качественное продвижение в интернете, используя для этого полностью легальные способы, поэтому можно быть уверенным, что через несколько месяцев после достижения нужных результатов сайты не окажутся под фильтром в поисковиках.\r\n\r\nWeb-студия YIS предлагает качественное продвижение интернет-сайтов в сети. Опытные специалисты смогут предложить комплексные услуги, в том числе программирование функционала сайтов и продвижение интернет-ресурсов в поисковиках. Стоимость услуг не слишком высока, предлагается также бесплатный аудит сайта, имеется возможность продвижения интернет-магазинов, а также маркетинг в различных соцсетях. Можно также заказать контекстную рекламу в Яндекс и Google или же разработку дизайна, фирменного стиля и логотипа.','6',NULL,'05d8b266-8e63-11ed-a1eb-0242ac120002',N'Вячеслав','0','false','2023-01-10T08:37:56.655Z','0');


insert into "PostEntityTagEntity" ("PostsId", "TagsId")
values('0566c6f9-bbac-4663-b5c8-ed08bea1b2f8', '3b781828-f329-4785-aecd-08d9b9f3d27c'),
('0566c6f9-bbac-4663-b5c8-ed08bea1b2f8', 'b4e44ca7-7b96-4d12-aed3-08d9b9f3d27c'),
('d5589cff-c94f-4034-ade4-55343f94397e', '5fb99899-1833-4e9e-aed7-08d9b9f3d27c'),
('d5589cff-c94f-4034-ade4-55343f94397e', '279e470a-11dc-46e2-aeda-08d9b9f3d27c'),
('e56de31a-69c6-4c13-a216-1b66cc12ed99', '3b781828-f329-4785-aecd-08d9b9f3d27c'),
('45307d08-aaa7-417b-9e01-ffcec51c931f', '3b781828-f329-4785-aecd-08d9b9f3d27c'),
('954a3029-9c7e-46d7-81a1-db1d65f0f0ee', '3b781828-f329-4785-aecd-08d9b9f3d27c'),
('954a3029-9c7e-46d7-81a1-db1d65f0f0ee','cb961ace-1005-4077-aee4-08d9b9f3d27c'),
('2e67d16c-2f4a-4f89-96fe-cf897ef33adc','cb961ace-1005-4077-aee4-08d9b9f3d27c'),
('4b38fa7a-b8d6-45a0-8269-ab5c73c4a898','cb961ace-1005-4077-aee4-08d9b9f3d27c'),
('b8694bb5-6197-4585-aaca-5a05fc3edffc','cb961ace-1005-4077-aee4-08d9b9f3d27c'),
('e56de31a-69c6-4c13-a216-1b66cc12ed99','cb961ace-1005-4077-aee4-08d9b9f3d27c'),
('45307d08-aaa7-417b-9e01-ffcec51c931f','cb961ace-1005-4077-aee4-08d9b9f3d27c'),
('82d6354d-d56a-4d63-b738-867c551c1139','9bba1883-a1fc-448a-aedb-08d9b9f3d27c'),
('0422e5bf-cb88-4f50-8d52-f3f26ed362dc','279e470a-11dc-46e2-aeda-08d9b9f3d27c'),
('108bd8d8-1054-4b6f-9934-0bfc58fbe565','5fb99899-1833-4e9e-aed7-08d9b9f3d27c'),
('108bd8d8-1054-4b6f-9934-0bfc58fbe565','b4e44ca7-7b96-4d12-aed3-08d9b9f3d27c'),
('c5e4334d-cf42-4e57-a5b6-d42a2c838e91','9bba1883-a1fc-448a-aedb-08d9b9f3d27c'),
('b8694bb5-6197-4585-aaca-5a05fc3edffc','5fb99899-1833-4e9e-aed7-08d9b9f3d27c');


insert into "Comments" ("Id", "content", "modifiedDate","deleteDate","PostId", "author", "subComments","AuthorId","ParentId","CreatedTime")
values('33a746c8-9235-11ed-a1eb-0242ac120002',N'Крутяг',Null,Null,'e56de31a-69c6-4c13-a216-1b66cc12ed99',N'Вячеслав','0','05d8b266-8e63-11ed-a1eb-0242ac120002',NULL,'2023-01-10T08:37:56.655Z'),
('33a74948-9235-11ed-a1eb-0242ac120002',N'Кул',Null,Null,'d5589cff-c94f-4034-ade4-55343f94397e',N'Вячеслав','0','05d8b266-8e63-11ed-a1eb-0242ac120002',NULL,'2023-01-10T08:37:56.655Z'),
('33a74a60-9235-11ed-a1eb-0242ac120002',N'Кринж',Null,Null,'0566c6f9-bbac-4663-b5c8-ed08bea1b2f8',N'Валерия','0','05d8b4f0-8e63-11ed-a1eb-0242ac120002',NULL,'2023-01-10T08:37:56.655Z'),
('33a74e8e-9235-11ed-a1eb-0242ac120002',N'База',Null,Null,'0566c6f9-bbac-4663-b5c8-ed08bea1b2f8',N'Диана','0','05d8bcfc-8e63-11ed-a1eb-0242ac120002','33a74a60-9235-11ed-a1eb-0242ac120002','2023-01-10T08:37:56.655Z'),
('840f3e58-9268-11ed-a1eb-0242ac120002',N'Не база',Null,Null,'0566c6f9-bbac-4663-b5c8-ed08bea1b2f8',N'Андрей','0','05d8b626-8e63-11ed-a1eb-0242ac120002','33a74e8e-9235-11ed-a1eb-0242ac120002','2023-01-10T08:37:56.655Z'),
('840f4100-9268-11ed-a1eb-0242ac120002',N'Нет база',Null,Null,'0566c6f9-bbac-4663-b5c8-ed08bea1b2f8',N'Диана','0','840f3e58-9268-11ed-a1eb-0242ac120002','840f3e58-9268-11ed-a1eb-0242ac120002','2023-01-10T08:37:56.655Z'),
('840f4240-9268-11ed-a1eb-0242ac120002',N'Сам кринж',Null,Null,'0566c6f9-bbac-4663-b5c8-ed08bea1b2f8',N'Вячеслав','0','05d8b266-8e63-11ed-a1eb-0242ac120002','33a74a60-9235-11ed-a1eb-0242ac120002','2023-01-10T08:37:56.655Z');


       
